path	classification	matching_lines	sha256
.ai/memory/iso-builds-on-cloud.md	current-guidance-or-scoped-validation-note	1,4,7,8,10,13,14,15,17,20	fe1d0190e62fff82d80897e02315324893e912a5eef70ae458b5c64319216d4b
.cursor/check.sh	current-implementation-or-config	51	dab2d0be746b578d3092ed64a3bb4f4e10d63dfc9446e54623c5adc6dacd3385
.gcloudignore	retained-legacy-compatibility	1	ad55cebb87cee49cc77b44ae721ad79af1974a1f1a93a79c54c4297a6b35eeff
.github/actionlint.yaml	current-implementation-or-config	3,4,5	5cca07a32838d78a4c13b7e5be8f2b469b1f5a71052f5e55e25637fc11899de2
.github/workflows/agent-pr.yml	current-implementation-or-config	29,37,60,63	ae7d99b573df34d3b10c4452ce5ab51c10635fceee9d384ea5481686ea903e24
.github/workflows/ci.yml	current-implementation-or-config	20,39,41,43,77,111	910fcf7b5e653919b1a400a2a6f0815755c192a0a794527b016f424fdb854e77
.github/workflows/release.yml	current-implementation-or-config	22,45,47,49,59,81,82,86,110,115,117,120,123	3506861987054841f929c49cd2a0c5212ca9307182914ea0d6649d7075e3eb2d
AGENTS.md	current-guidance-or-scoped-validation-note	9,14,53,56,59,61,77	a2d113dc368d146d861081dea4ce51ca6808d81a4235bc821d32fe85a9fe5c70
CONTRIBUTING.md	current-guidance-or-scoped-validation-note	21,22,25	28bae0427100069035a038182d7a338558946cc0314aa2721456041e3d87537e
LICENSE	current-implementation-or-config	199,565,574,576,638	3972dc9744f6499f0f9b2dbf76696f2ae7ad8af9b23dde66d6af86c9dfb36986
Makefile	current-implementation-or-config	1,9,10,11,12	581bacfd5937c282b126bb567998bc2a3fb5234bfbe2ad5439ae32b7dfa5f27b
README.md	current-guidance-or-scoped-validation-note	27,130,213	398a340038df6ea7474c9dce453b5668399f87340884d96a22d3ee305d881d8e
THIRD_PARTY.md	current-guidance-or-scoped-validation-note	22	1fe58afe5feaa2038bbeac80f3be4f2241dac2537ee3f07b0c27a0edd9f45eaa
cloudbuild.yaml	retained-legacy-compatibility	1,2,6,8,9,17,18,20,35,120,125,135,139	4199ac29984b83035a3b80ddb19d2187cb9ebad9586581310211a84c16e3ef32
desktop/main.go	current-implementation-or-config	226	ef4dd8c29a78ebd73f1ac7d6e257c3b402cae3d38d8bcf66bae32d04053b2ad1
desktop/readiness_test.go	current-implementation-or-config	44,46,47,48	4793bb0e7075842849a1957ec12e4fab36ec20d5764853fa2b940e6bc9c2c2e6
desktop/restart_state_pass23_test.go	current-implementation-or-config	10,26,27,34,35,42	7bc6c894392b7074d3910eba7400668c47c338398a62e002cb8dd03eb1ac1fda
dev.py	current-implementation-or-config	105,139,140,148,244	ba81cb35a61974a886774d819f1ef0ee3eb55f24b12012134febdc58bf94175f
developer_tests/test_doctor.py	regression-tests	65,75,77,113,116,119,121,122,231,240	7d9e55287995669358f869cb2abd9afcc3a136a952d645758135e4b5a47c66ff
docs/accessibility-lowres-matrix.md	current-guidance-or-scoped-validation-note	14,19,250,263,272	68738a8a6089cc4fe0c6e6198c327f5078cc20f6ddb33f04b3739a16635a9eb4
docs/audit-2026-09-02.md	historical-evidence-or-release-record	39,85,98,112,115,148,204,240,285,287,295,296	bf773cfbc28d9c931babb4fcab36e2755a08ae4a808baddac1fa9c06d2657421
docs/audit-2026-09-05.md	historical-evidence-or-release-record	3,79,83,84,108,109,111,121,144,167,178,179,181,191,195	62ef5ae88c2adea88944644bc50fc88e32a82d72be95df76a1b2f6682e96b03c
docs/audit-2026-09-06-pass2.md	historical-evidence-or-release-record	28,34	3a90f2c09f9c4868263a869f4cb5abd43861b37d5cd0f7c46ea31095cc245c4f
docs/audit-2026-09-06-pass3.md	historical-evidence-or-release-record	10,30,36	81ce75e87a2a8116d68ed5b40f5c5cd361f2a139f9d35f7cbabf57e8e0f0101c
docs/audit-2026-09-06.md	historical-evidence-or-release-record	31,38,39	792f12e000c0e445c97fec4c4f09a5f3691d8cb29e03a30677d98c76dfa920a5
docs/boot-exclusion-signals.md	current-guidance-or-scoped-validation-note	118	abc669e76039c539ebfc3684d94a0ea8dc84c1a49265cca1631b4ef9ff7b3aa8
docs/bug-audit-2026-09-07.md	historical-evidence-or-release-record	3,58,60,64,68,70,76,84	f25a59159554d5e77637c78670ee4eb74b838fc0de9e6e38fcfb2a86c4c23839
docs/bug-audit-2026-09-08.md	historical-evidence-or-release-record	51,59,63,67,81	06ac5f73a952ced3c69962a9d6a4fdecf85652bd5608ef46254334c6d2d59d41
docs/bug-audit-2026-09-23.md	historical-evidence-or-release-record	5,72,147,168,170,172,186,188,209,215,216,225,226,227,245,247,250,252,304,429,516,518,523,583,587,593,602,605,610,611,615,618,624,625,627,662,714,716,729,731,732,749,752,756,763,768,773,788,806,816,818,821,826,828,847,850,851,864,866,877,886,890,1012,1013,1019,1026,1039,1040,1044,1051,1053,1054,1055,1071,1077,1096,1097,1119,1120,1146,1147,1175,1176,1199,1200,1210,1213,1233,1247,1254,1266,1272,1280,1286,1289,1291	908c050d8a3a96594a2f3ddcedce75cdee3831eca8b6adc39859fa7b30548f0c
docs/bug-audit-2026-09-24.md	historical-evidence-or-release-record	5,69,70,93,123,185,331,392,543,575,576,579,621,662,663,665,671,704,727,728,729,760,787,796,797,798,803,834,836,843,845,847,863,865,893,898,903,930,931,932,1002,1004,1071,1073,1145,1146,1147,1206,1207,1208,1262,1263,1264,1290,1291,1293,1318,1319,1320,1346,1348,1350,1352,1373,1383,1384,1385,1395,1397,1442,1443,1444,1459,1461,1489,1490,1491,1532,1533,1534,1579,1580,1581,1610,1613,1626,1627,1628,1666,1667,1669,1728,1729,1730,1778,1779,1780,1833,1834,1835,1892,1893,1894,1947,1948,1949,2003,2004,2005,2033,2036,2058,2059,2060,2099,2100,2101,2129,2147,2187,2200,2233,2246,2264,2276,2306,2325,2349,2351,2357	d2833d7d0765bac88591370f1027ee2818a7fd98c749422891b3747cb9d234e3
docs/bug-audit-2026-09-26.md	historical-evidence-or-release-record	4,29,30,42,58	49ce0d586286352088887456524c01d3acb2eb7d7a1237687946f55efe90f2de
docs/ci.md	current-guidance-or-scoped-validation-note	3,4,17,18,22,23,28,56,58,59,64,90,110,122,158,163,165,167,169,171,172,178,179,180,181,184,186,202,203,204,218,219,235	6242e197eafc2ce4abf2b613c827fa789dc2ec50f6b6ec26e42b51c0da2f9844
docs/compatibility-matrix.md	current-guidance-or-scoped-validation-note	3,10,11,44,74,77,79,102,186,260,269,270,271,275,278,284,296,308,330,333,335,336,337,360,361,383,385,392,393,395,396,397	9d885a2216fff3004683119d8183d5363df320cc9099a7a3f521b8cdb2894835
docs/dead-code-audit-2026-09-05.md	historical-evidence-or-release-record	11,60,67,97,120,124,134,136,140,151,166,167,169,223,225	a27ced43310c4616d35c64c92f74e143d49586b36fabe5f31991a8e6c978f219
docs/desktop-entry-design.md	current-guidance-or-scoped-validation-note	76,90,92	a0ffde718a7bf07ca3b3ea8f534e13d56bc8c4d79a12d0b573162fdaef2d8361
docs/desktop-hardware-acceptance.md	current-guidance-or-scoped-validation-note	5,27	023f707b6b3fbc3c8389e1f3010b69148a4171118010f454c4a32123a266d2b2
docs/desktop-validation-2026-09-06.md	historical-evidence-or-release-record	7,11,44,55,71,72,120,165,166,181,183,185,193	b95b1399a5bcfa158c061beb792d9d384580916c3ad1e8864f897537b38f8666
docs/desktop-vm-attempt-2026-09-07.md	historical-evidence-or-release-record	1,11,13	15547498d783411e6940345913ee6dd8239a24affc36785caf2a1081c1ee4c21
docs/development.md	current-guidance-or-scoped-validation-note	8,14,46,150,166,174,176,177,178,190,196,197,199,200,202,207,208,211,217,218,219,220,238,242	cd93f22ded983f0163adc3e46d63009060939c1336820f79f4b78a4f465deb38
docs/erase-transitions.md	current-guidance-or-scoped-validation-note	14,27	4ac78f96a9f4a268ef235a277a6515ceb015d61308fb9c047ca4850b50cd9339
docs/evidence-tiers.md	current-guidance-or-scoped-validation-note	95,102,212	724be476ba483e9064f60ba5077b0b73b652385f5d18195da8655cafaec63626
docs/evidence/66-distinguishing-serials.md	historical-evidence-or-release-record	93,137,138	7c8a4d1ac99e0082881bb65b84217e2ecf5c7b503818cfa97c1a2fd755b838da
docs/evidence/arrow-cursor-85/README.md	historical-evidence-or-release-record	102	a3fc9934be67239988ff95167b41ee9b1c857fdc40d0213e23f206564f5762b3
docs/evidence/bug-audit-20260907-source.json	historical-evidence-or-release-record	16	0492cebc5d60252e24b4ee510a663b40a618fa0f399da03f9cbbfe02f59095bc
docs/evidence/bug-audit-20260907/cloud-verification-excerpts.txt	historical-evidence-or-release-record	32	1ba103efe51a3cba3b6d0ced3a88236263cf206050f6c6ff55a92e3aa7c7e506
docs/evidence/bug-audit-20260907/hosted-result.json	historical-evidence-or-release-record	19,82,93,107	4f8559f044aa5799fe351d4e4e2033b8376c9b0ce543d1d06ea25328cd0f5ebf
docs/evidence/bug-audit-20260907/uploaded-source-verification.json	historical-evidence-or-release-record	4	1598820c97fc9e83adea602228af70ee79e7c79c4b4b9460631d5064f15a97d3
docs/evidence/bugfix-20260908/baseline-source.json	historical-evidence-or-release-record	11,29,115,120,122,214	f843480fa912172b882c7690f682568371eadeb2cab55ef44e8b1e449f0fac50
docs/evidence/bugfix-20260908/hosted-verification-excerpts.txt	historical-evidence-or-release-record	48,49	2e1af932755aab75290e80bc3c9dd30212e600f1e693f6a658288ad31633f6ee
docs/evidence/bugfix-20260908/uploaded-source-verification.json	historical-evidence-or-release-record	4	d39aa7d80f4448b1c983ccb658b2f83d1e5827d4f64baef7dcf875a2fdf54286
docs/evidence/bugfix-20260908/validation.json	historical-evidence-or-release-record	8,22,28,42,107,128,132	dcd72dfd0718e7ee5a24b78f6e899dddb85ae70e33a8950872cde1e6a8164ba3
docs/evidence/bugfix-20260909/README.md	historical-evidence-or-release-record	87,89	f8e1acd6302e334f6fef45433e50fc65c5a2a8f3dc26d6eeb383270a83f352e8
docs/evidence/ci-audit-20260926/README.md	historical-evidence-or-release-record	3,4,5,13,15,16,17,19,20,32,40,44,59,68,74,106,116,163,177,180,189,190,192,209,210,225,226,250,267,269,273,274,276,283,287,288,320,321,345	aa08f4f793da8d005eda4a4dba67bcdfe3836956100ecd55fac16af6078973cd
docs/evidence/ci-audit-20260926/blacksmith-eighth-evidence.json	historical-evidence-or-release-record	21,53,85,117,149,164	e5dfc3f72b8d2ccc6961947e11b0a3ff99f2b24b37a8f2d7ba101862a25c1ab1
docs/evidence/ci-audit-20260926/blacksmith-fourth-evidence.json	historical-evidence-or-release-record	18,50,82,114,146,178,210,230	27d4150e7bf47dbd59ffb818e17bd7a7f39529e57810804adce1b64ccf6d488e
docs/evidence/ci-audit-20260926/blacksmith-ninth-evidence.json	historical-evidence-or-release-record	4,7,53,85,117,149,181,214,246,261	72c1104a4ffbe4feeb851f4e11ecf321c791dd5f20bfc854d5f8de803959c6e2
docs/evidence/ci-audit-20260926/blacksmith-seventh-evidence.json	historical-evidence-or-release-record	18,50,82,114,146,178,210,230	4a9419f71f1a404f634a0f88edac5c39d24967f0501c17849bbcd2a2d1f48855
docs/evidence/ci-audit-20260926/blacksmith-third-evidence.json	historical-evidence-or-release-record	22,36,68,100,132,164,196,216	f72519bfdc3d9a1eafcb75531cd9b8a44c9836cc803001186daf7ffd76c52492
docs/evidence/ci-optimization-20260926.md	historical-evidence-or-release-record	1,3,18,20,29,35,39,51,55,57,59,63,76,78,80,82,88,92,94	c82180d6f35035430021d6bf57c677161788d322d9d51d98468c1e77b80a0a15
docs/evidence/compare-method-tradeoffs/README.md	historical-evidence-or-release-record	3	a5c65cb7c4a844ddffd70241fec257c7066bd5557721a92987789509d76a846f
docs/evidence/compare-similar-disks-67/README.md	historical-evidence-or-release-record	47	b24e35922c40dd5bf0e0fd8592ce96aa88a5be204b8972611aa3e5ef02ad136e
docs/evidence/countdown-review-77/README.md	historical-evidence-or-release-record	64	44d09bc33d10b8516c19948d8c314c64a72c75705b130ff93cfd9a9ab67ca30f
docs/evidence/cross-platform-20260908/README.md	historical-evidence-or-release-record	4,5,91,110,112,116,128,133,134,144	40663085e3d4c9c227d02eacb234b792a2294414a0fccc486cadb21ef3403534
docs/evidence/cross-platform-20260908/ci-followup.txt	historical-evidence-or-release-record	4,6,7	7cc05cda64ac955c54c216dc02d2a93917a66ba8798f9a4d62245c0922938f83
docs/evidence/cross-platform-20260908/cloud-submit.txt	historical-evidence-or-release-record	1	177ab1dcf2a95d7e6cb0b01bdc5852a0e964bafc938242f0f0df8785a8c02a26
docs/evidence/cross-platform-20260908/python-final.txt	historical-evidence-or-release-record	299,300,305,309,311,312,842,843,844,845,929,930,931,932,933,934,935,936,937,938,939,1341,1342,1343,1344,1643,1644	b7d5f34e9d06ef1a0160a96e4834222cecdf0cbfd81a4ba6996bb140c8dfee43
docs/evidence/cross-platform-verify-20260908/README.md	historical-evidence-or-release-record	11,100,101,130,133,151,152	c58ccd61e5a91470fd127504d4f90ebb9cc1503aac7e2c1831145625e30f1d3d
docs/evidence/cross-platform-verify-20260908/checks.json	historical-evidence-or-release-record	53	6b2373c5fe511e4c42f9dcf180daace5c79b9711425bc781bf2f86750ccc57a7
docs/evidence/cross-platform-verify-20260908/cloud-submit.txt	historical-evidence-or-release-record	1	177ab1dcf2a95d7e6cb0b01bdc5852a0e964bafc938242f0f0df8785a8c02a26
docs/evidence/cross-platform-verify-20260908/environment.json	historical-evidence-or-release-record	11	721b4113d156f021dce1953bf0e3c5acd21b20dbc99adcd476ffb5ab0665a6c4
docs/evidence/cross-platform-verify-20260908/pr-baseline.json	historical-evidence-or-release-record	1	9076a1cb3ce3ba2e3967fb3eb6f5c843778b9449f5a1d44d0e8f53ca614b1577
docs/evidence/cross-platform-verify-20260908/python-baseline.txt	historical-evidence-or-release-record	411,417,423,2568,2569,2574,2578,2580,2581,3111,3112,3113,3114,3198,3199,3200,3201,3202,3203,3204,3205,3206,3207,3208,3610,3611,3612,3613,3912,3913	4341c1879f825197647b3a52741b1013dfdf82077750786ee26bbee254043200
docs/evidence/cross-platform-verify-20260908/python-final.txt	historical-evidence-or-release-record	411,417,423,2592,2593,2598,2602,2604,2605,3143,3144,3145,3146,3230,3231,3232,3233,3234,3235,3236,3237,3238,3239,3240,3642,3643,3644,3645,3956,3957	0da726ebe37930a03ba5a161de345db2d007c203c50c6f28b4b39b311317e510
docs/evidence/cross-platform-verify-20260908/python-intermediate-failed.txt	historical-evidence-or-release-record	447,453,459,2622,2623,2628,2632,2634,2635,3172,3173,3174,3175,3259,3260,3261,3262,3263,3264,3265,3266,3267,3268,3269,3671,3672,3673,3674,3981,3982	b87f591a92d51d82a609d8e3a6b1d08882c43daea26c06024e614d6ee16f9976
docs/evidence/cross-platform-verify-20260908/python-intermediate-passed.txt	historical-evidence-or-release-record	411,417,423,2578,2579,2584,2588,2590,2591,3129,3130,3131,3132,3216,3217,3218,3219,3220,3221,3222,3223,3224,3225,3226,3628,3629,3630,3631,3938,3939	4cb0811b99ca943d89e3e88cb035f408168aeaa3bdc547aae0a97e63bf0d2666
docs/evidence/cross-platform-verify-20260908/python-sidecars-passed.txt	historical-evidence-or-release-record	411,417,423,2583,2584,2589,2593,2595,2596,3134,3135,3136,3137,3221,3222,3223,3224,3225,3226,3227,3228,3229,3230,3231,3633,3634,3635,3636,3947,3948	5ed7fa79114d42efa19fc2cd2de9bfcb41404fd323eae6bb97b86c969cd587f5
docs/evidence/cross-platform-verify-20260908/source-snapshot.json	historical-evidence-or-release-record	39,44,46,148	18d7cf6a36632cb2866caccbef87a87d0f87d5e74797c9ed3b175d16af3a4455
docs/evidence/desktop-boot-20260906.txt	historical-evidence-or-release-record	1,5,22	6076489ab223741476c8704f9db6872e8d2a5790063766dd667d0cbe8dcdca05
docs/evidence/desktop-boot-corrected-20260906.txt	historical-evidence-or-release-record	6,42	5668b914ee3748ea4e929e12089c3cf498e88ab6f487fe56b72093249e3071ee
docs/evidence/desktop-linux-handoff-20260906.txt	historical-evidence-or-release-record	196	d828cc690252010150632f9c3d6a08c2969bb4f6d442c3ba18a0950fcf198774
docs/evidence/development-ci-120/README.md	historical-evidence-or-release-record	8,24,29,32,33,35,37,46,55,57,58,59,65,83,84,85,89,92,109,115,117,137,147,148	11f838e7aaffbafcf58244829190799bdd60f6214bc2acd2945c69a584bd3d60
docs/evidence/development-ci-120/doctor-results.json	historical-evidence-or-release-record	47	cdbcd5ecf3ed62edf6465faf7215c0f430dfc881088a13fd656e4a384b494897
docs/evidence/development-ci-120/windows-20261001.md	historical-evidence-or-release-record	25,31,36,38,42,45,49,50,55,56,59,61,86,103,107,123,124,129,132,138	3d581fa964f884caeada4dc1624d6f46e672969db8f9e8983f48abd643e00db5
docs/evidence/erase-another-103/README.md	historical-evidence-or-release-record	119,121,135,139,140	3388a48dba071ca698ea1b6753bc6485312d3354900d500011ec7a21993354bf
docs/evidence/explain-refresh-resets-prep/README.md	historical-evidence-or-release-record	3	41b565a8e58d6fa183dad000e951b1d8d57cbb7dc2d6cffcec8c00b5cf66d299
docs/evidence/gcp-desktop-20260907.json	historical-evidence-or-release-record	180	87075632c21c5d72c7d2ba7ff0329ec305eae79b1a70efc396fc150d267ca979
docs/evidence/group-partitions-62/commands.txt	historical-evidence-or-release-record	30	7b7de6f8e9e005e477de7be69ad9ec72021016882df5c638db36d4d27de83a82
docs/evidence/gtk-dependency-123-results.json	historical-evidence-or-release-record	64,73,77,81,85	885846f03ae2317324a973570299bc795058f11230ab370cdd369da5d2c99167
docs/evidence/gtk-dependency-123.md	historical-evidence-or-release-record	65,66,69,83,93,137,138	b234530b1879f4228bd06d83111b071826968852aec8f03fe0b2f510edc13feb
docs/evidence/inventory-count-63/README.md	historical-evidence-or-release-record	81	b9b5f28c90fb29587bb75f90122ac76462c021dc4e6a99bbb843bf9acfaf1987
docs/evidence/issue-69-sandbox-handoff.md	historical-evidence-or-release-record	64,67,115,130,146,283	e8c9ba8d5f13a8eab04a82ac55f2bc73ee398756e7930d7d3491aaea4277104e
docs/evidence/language-selection-87/README.md	historical-evidence-or-release-record	130	2cdbdd584a310f3b0dba37decf2b74be4d07520f6f3577e60c2138788b2c691a
docs/evidence/laptop-power-20260914.md	historical-evidence-or-release-record	26,31,58	bae6bd4afa92fea10716ebcab7298e176eca00fded0dbd6019b94927fb7bea9d
docs/evidence/launcher-readiness-20260914/cloud-blocker.txt	historical-evidence-or-release-record	1,4,10	85e4f6dd873e370960e9f22a50a5d8cf67c7c790805eefc6a28e54ef24f02d7d
docs/evidence/launcher-readiness-20260914/handoff.md	historical-evidence-or-release-record	3,99,100,134,159,162,163,167	a1c3d5c69d08900254f3ca9bb2c59c66b9fa1fae58614d46cc1e88290547eb18
docs/evidence/live-session-power-20260910.md	historical-evidence-or-release-record	18	b0c172a22b4686a98be97c88157911a7910e462fcd3f028c731a74522e9ceede
docs/evidence/modern-minimal-ui/README.md	historical-evidence-or-release-record	30	cc5a0836a8753d6221024acf592e1fdfbc1370783059cad47ebc70c3c872b1f7
docs/evidence/negative-gate-cleanup-124.md	historical-evidence-or-release-record	7,8,120,122	127f71be46ce7b0e511bd15f3f228e2da352720626a23f0e7e798bb6b8e21cc7
docs/evidence/outcome-heading-95/README.md	historical-evidence-or-release-record	159	c94e4f1fcc2f1410f28dcdd5fc4577d0ae97df37a6a7f94fe1e92b668c8d51cb
docs/evidence/outcome-sounds-93/README.md	historical-evidence-or-release-record	185	879b8c77b05a6e202c94dca4b14eb2d2489d0dcc488cf1107d6c447c9ce82f9f
docs/evidence/physical-acceptance-111/BUILD-IDENTITY.md	historical-evidence-or-release-record	5,38	c8d3c15e89e8bf960920d661d61af0aa76f6e0534f9ab6457bf354f0caa74f10
docs/evidence/physical-acceptance-111/README.md	historical-evidence-or-release-record	55	52bf82c115fda49b2ed934a1174403459c6945a5d176d0a52a3b7c4c6ba38cdb
docs/evidence/physical-acceptance-111/results/firmware.md	historical-evidence-or-release-record	34	5841146e753507df84d978aaae24edd5899cd2bc99ca96739bc8dfffa643c7c9
docs/evidence/post-erase-behavior-97/README.md	historical-evidence-or-release-record	147	87317d9a2caf861077d6225d9e30acee71e4785859683663adc503a1510e232b
docs/evidence/pr-review-enforcement-20260928.md	historical-evidence-or-release-record	39,122,189,200,203,210,220,221,244,273,277,279,284,285	d474b3d0ab789260c6ed1e534c58eb0a86aeceb94c9fc5ecbc5c00899f34b1ff
docs/evidence/pr5-python-tests-fix-20260908/README.md	historical-evidence-or-release-record	42,43	e8d98b746281827a7d7d431f3ff4c65afb954815555d96cdd12cc262f09da8d6
docs/evidence/protected-usb-card-20260914/README.md	historical-evidence-or-release-record	53,102	b12d00ee86b4dd9360732d5f5f52bee25f6f25cbc71457ca16887a29237c42d2
docs/evidence/quality-review-20260907.txt	historical-evidence-or-release-record	24,30,37,51,115,292,293,294	2b54d39c176c59f0b3ddb7a9b8dfa5bcb74946f38e2e3cfb63a9cdd6921cebbf
docs/evidence/reflow-large-text/README.md	historical-evidence-or-release-record	3	f464545fc305c692d271255b884f6b52f28598b8ae9dfffd667dbcfbf0a7acb1
docs/evidence/release-note-links-121/README.md	historical-evidence-or-release-record	4,9,19,47,50,68,73,76,94,96,101	07329f1f3f380e1b7689c6b257dfcaf3e8fbc35b15f1051b9ce0ded85f68576e
docs/evidence/release-note-links-121/release-identity.json	historical-evidence-or-release-record	5,8	009206518f23855f72ccabcdd5cd06c51b3ff62d88f97f0f85b6b20c7f2cf997
docs/evidence/screen-hierarchy/README.md	historical-evidence-or-release-record	3,90	96e4090f93f6bd9f6d9ce794f531d76b719147949c3661580dea3e7a97c3c8ab
docs/evidence/secure-boot-119/README.md	historical-evidence-or-release-record	4,18,20,27,29,35,37,41,57,84,167,240,260	034c04eee442cc846ef7998acc164ff48b03ebc5b887463cbc260a166ba8672a
docs/evidence/secure-boot-119/components.json	historical-evidence-or-release-record	15,57,223	2b2ca859a1c1ed7700d5d26a84e676779e121ae9e36a2b27c82f3ecef6271e89
docs/evidence/secure-boot-119/shim-signature.txt	historical-evidence-or-release-record	12,60	aba074ee00483b6857fd6d9e97c89206bb1229135c356bfb8dc45e7bfd77bfba
docs/evidence/separate-footer-actions/README.md	historical-evidence-or-release-record	3,110	fad5c25043fd32e0de4f420c37397e3213eda3a7afd3653c2b6295f25634007d
docs/evidence/separate-report-status-96/README.md	historical-evidence-or-release-record	70	16f40620abeaf225365e2f2fe89b4d288832103e6cda92bccb1c082be83cbce0
docs/evidence/serial-number-label-65/README.md	historical-evidence-or-release-record	54	1cd758d896016c9dacfc6f5573959f4ca29a98fc431130d9d6f2df5f2e25a372
docs/evidence/signing-metadata-122/README.md	historical-evidence-or-release-record	4,43,45,60,66,68,76,81,95,101,118,131,143,144	8a23e54ebd1ce689a12b3dec1a2a0afc44d4a050c20a0d566085fa1784f3f925
docs/evidence/signing-metadata-122/generated-sample.json	historical-evidence-or-release-record	2,12	8833b70d8b4c859df5e785512ffdd64cf729fe6346d7aab240296e4f8ba238b6
docs/evidence/signing-metadata-122/public-verification.json	historical-evidence-or-release-record	17	e04b66ef0914add595bd357341cd525beba7a9b898349c57524e10711f08e3d9
docs/evidence/stale-progress-92/README.md	historical-evidence-or-release-record	82,125	b75e90f7a2bbc33f57f07d297b27394229bd40cd8665cc0a9d845a32d1aa0923
docs/evidence/stop-erase-94/IMPLEMENTATION.md	historical-evidence-or-release-record	43,44	fe5eef678c001f912187f3dc4e6e3cb916536b42d780823622309a6081376a0a
docs/evidence/stop-erase-94/README.md	historical-evidence-or-release-record	32	e30ae93c9eca7400d0e9e4fbb73684cf993a8417a344042c9e22e7c3f2c62280
docs/evidence/stop-erase-94/collected.txt	historical-evidence-or-release-record	77	62c92b30548acbf571219f847c27e464647720e4d30eeab5c106603c770c905c
docs/evidence/support-code-106/README.md	historical-evidence-or-release-record	105	8acdfb05a1d1b97f3572cb96cf08d4f48adec0524192cf4249e3b50b10403255
docs/evidence/support-destination-105/README.md	historical-evidence-or-release-record	106,164,165,167,168	38b516bf9fe5bf4043848c42a1a9a58d0e2cdd4547c2e1d749249b13fe32b618
docs/evidence/support-short-small-displays/README.md	historical-evidence-or-release-record	3	78738d9d312fe4803d7c8167d743583a66e6a8aec1f4054ac08dde7e81202ae2
docs/evidence/ui-improvement-20260908/README.md	historical-evidence-or-release-record	30,90,92	36edd398290f546b4363634ef153b0959cafd6a5297bc6508ad32b753484d157
docs/evidence/ui-improvement-20260909/README.md	historical-evidence-or-release-record	5,15,17,18,23,24,84	04f26d3168cb0b1b06463f89328c3e3b2f0f4ba929315cf17d624091634146d7
docs/evidence/ui-improvement-20260909/cloud-build.json	historical-evidence-or-release-record	170,174,180,197	0b6a2bda780481bf265ec63149bd3cdeaf75e1e23bf5155c00a0e30e20faf0af
docs/evidence/ui-improvement-20260909/cloud-log.txt	historical-evidence-or-release-record	5,6,4760,10490,10491,10492,10493,10494,10516,10517,10518,10519,10520,10521,10522,10523,10524,10525,10526,10527,10528,10529,10530,10531,10532,10533,10534,10535,10536,10537,10538,10539,10540,10541,10542,10543,10544,10545,10546,10547,10569,10570,10571,10572,10573,10574,10575,10576,10577,10578,10579,10580,10581,10582,10583,10584,10585,10586,10587,10588,10589,10590,10591,10592,10593,10594,10595,10596,10597,10598,10599,10600,10601,10602,10603,10604,10605,10606,10607,10608,10609,10610,10611,10612,10613,10614,10615,10616,10617,10618,10619,10620,10621,10643,10644,10645,10646,10647,10648,10649,10650,10651,10652,10653,10654,10655,10656,10657,10658,10659,10660,10661,10662,10663,10664,10665,10666,10667,10668,10669,10670,10671,10672,10673,10674,10675,10676,10677,10678,10679,10680,10681,10682,10683,10684,10685,10686,10687,10688,10689,10690,10691,10692,10693,10694,10695,10696,10697,10698,10699,10700,10701,10702,10703,10704,10705,10706,10707,10708,10709,10710,10711,10712,10713,10714,10715,10716,10717,10718,10719,10720,10721,10722,10723,10724,10725,10726,10727,10728,10729,10730,10731,10732,10733,10734,10735,10736,10737,10738,10739,10740	a25652b2f702015398567c5c189d866a099fcecaeafa78229fd5da58e8dc6734
docs/evidence/ui-improvement-20260909/cloud-results.txt	historical-evidence-or-release-record	36	c4f6756bd5c7fab97f9c4ca1b5d8106363d7c7ced5c3690ccfadc1e5e7a3b669
docs/evidence/ui-improvement-20260909/cloud-second-cancel.txt	historical-evidence-or-release-record	1,42,47,54,186,189,194,200	8d3914eb15b7a10c7c166741057f0f5f8e6b7232ff9d1d6b86278b6a8f345c0e
docs/evidence/ui-improvement-20260909/cloud-second-superseded.json	historical-evidence-or-release-record	162,166,172,181	616fb77073afe68867808b227040bc748ffc3908c6f85b0ad40b1c55a33c58df
docs/evidence/ui-improvement-20260909/cloud-submit-final.txt	historical-evidence-or-release-record	2,3,6,7,12	9561ccf19a609b610cde95168ac57e7070811947ad3c4f8563662c56a1e1010a
docs/evidence/ui-improvement-20260909/cloud-submit-verified.txt	historical-evidence-or-release-record	2,3,6,7,11	766d56b2abdafad0ac03b982c719617d42cda72ad3dc4d89eaedbffcf69ae15b
docs/evidence/ui-improvement-20260909/cloud-submit.txt	historical-evidence-or-release-record	2,3,6,7,12	1a35812225702cbf119c575142cd94bac9a2e5b8cafd79176ecdefb34f29ee94
docs/evidence/ui-improvement-20260909/cloud-superseded-cancel.txt	historical-evidence-or-release-record	1,42,47,54,186,189,194,200	73e02df6d402c6ce3a8cad635af2c99ace9bafe3171b7fcd8aa7a176832e5f49
docs/evidence/ui-improvement-20260909/cloud-superseded.json	historical-evidence-or-release-record	162,166,172,181	49abfa12a76476bcefa18271cd3ded4dd2ff756c496a1abde41469f1251c3864
docs/evidence/ui-improvement-20260909/first-turn-baseline.md	historical-evidence-or-release-record	16	b8f7dd663d5aa5b1a8401e312a1764bc498ef8c5a6a0f138062c02cfa580c49b
docs/evidence/ui-improvement-20260909/python-build.txt	historical-evidence-or-release-record	158	aa8d929068548313a238adcf23048bf27a9d807aba50611b8a0a9749158a113b
docs/evidence/ui-improvement-20260909/source.json	historical-evidence-or-release-record	14,32,837,842,844,946	77c761ed17db6ceb01359f70daf3bb3e41b17936d741a3053312cdbb47b79ab7
docs/evidence/ui-redesign-20260908/cloud-build.json	historical-evidence-or-release-record	170,174,180,197	db0d113f9620bf15e7186a91d06734483cf78a7e656a3f3a3d42b6afe9861fdb
docs/evidence/ui-redesign-20260908/hosted-boot-results.txt	historical-evidence-or-release-record	1	f4394f8f10d6def864d9c8a55f4ea70a7652e232398b717eadbcf2e71e8ad720
docs/evidence/ui-redesign-20260908/source.json	historical-evidence-or-release-record	5,74	7373558116c14af7c2cc1af19e38b707902d8fcb9711025eab75290e713908e7
docs/evidence/unify-native-controls/README.md	historical-evidence-or-release-record	3	bcb255b6b61e5a0c79b3ad9dba40af3ecda2da712a58e83bece5db92d642468e
docs/evidence/usb-download-verification-125-results.json	historical-evidence-or-release-record	10,251	106f04e5f57f629ca2b6b748d283c9fe63738e60f65cd76ea7d4ec11e96cbf87
docs/evidence/usb-download-verification-125.md	historical-evidence-or-release-record	42,43,56,82,96,123,144,146	8de3311fbc54a78ec2be5c6e2187a8d67304d0d325b4a4ab4d630f10c36e85a0
docs/evidence/usb-lab-20260907/acceptance-index.json	historical-evidence-or-release-record	168	47fa0a04a4f309855fc9216e8a58dc3564a70403d735466c3ab5a72bd2efa122
docs/evidence/usb-lab-20260907/cloud-build-final-attempt-1.json	historical-evidence-or-release-record	53,60,74,244,248,254,263	e92f98c659719319b994ef38dd1534317fad66fbfc799a6e080593e02397c3f8
docs/evidence/usb-lab-20260907/cloud-build-final-attempt-1.log	historical-evidence-or-release-record	5,6,4741	5cb4ac54a436c7d6ff1094336966d3b8821f69b1a506b4c7b5c827e69d6ae9ad
docs/evidence/usb-lab-20260907/cloud-build-final-attempt-2.json	historical-evidence-or-release-record	42,50,57,71,240,244,250,267	9c0e38b83b37e67acf2dd0f63469c29cd605d414969271de83c06f1b007e3d11
docs/evidence/usb-lab-20260907/cloud-build-final-attempt-2.log	historical-evidence-or-release-record	5,6,4742,10471,10472,10473,10474,10475,10497,10498,10499,10500,10501,10502,10503,10504,10505,10506,10507,10508,10509,10510,10511,10512,10513,10514,10515,10516,10517,10518,10519,10520,10521,10522,10523,10524,10525,10526,10527,10528,10550,10551,10552,10553,10554,10555,10556,10557,10558,10559,10560,10561,10562,10563,10564,10565,10566,10567,10568,10569,10570,10571,10572,10573,10574,10575,10576,10577,10578,10579,10580,10581,10582,10583,10584,10585,10586,10587,10588,10589,10590,10591,10592,10593,10594,10595,10596,10597,10598,10599,10600,10601,10602,10624,10625,10626,10627,10628,10629,10630,10631,10632,10633,10634,10635,10636,10637,10638,10639,10640,10641,10642,10643,10644,10645,10646,10647,10648,10649,10650,10651,10652,10653,10654,10655,10656,10657,10658,10659,10660,10661,10662,10663,10664,10665,10666,10667,10668,10669,10670,10671,10672,10673,10674,10675,10676,10677,10678,10679,10680,10681,10682,10683,10684,10685,10686,10687,10688,10689,10690,10691,10692,10693,10694,10695,10696,10697,10698,10699,10700,10701,10702,10703,10704,10705,10706,10707,10708,10709,10710,10711,10712,10713,10714,10715,10716,10717,10718,10719,10720,10721	acaa136c9f8b77157c220fa629cf9f40adcc8e529e9bbaa528eababc64a298ff
docs/evidence/usb-lab-20260907/cloud-build-profiles-superseded.json	historical-evidence-or-release-record	46,53,67,219,223,229,238	1adf291ac430e2d74f53b25059379036afc7a20cefd06ccb89eeb82e5d8d49c2
docs/evidence/usb-lab-20260907/cloud-build-rootports.json	historical-evidence-or-release-record	42,50,57,71,240,244,250,267	88970972a1be7a5c29273cc8568479dbb94f115b80d7b58c7d1ee9b426df7139
docs/evidence/usb-lab-20260907/cloud-build-rootports.log	historical-evidence-or-release-record	5,6,4742,10471,10472,10473,10474,10475,10497,10498,10499,10500,10501,10502,10503,10504,10505,10506,10507,10508,10509,10510,10511,10512,10513,10514,10515,10516,10517,10518,10519,10520,10521,10522,10523,10524,10525,10526,10527,10528,10550,10551,10552,10553,10554,10555,10556,10557,10558,10559,10560,10561,10562,10563,10564,10565,10566,10567,10568,10569,10570,10571,10572,10573,10574,10575,10576,10577,10578,10579,10580,10581,10582,10583,10584,10585,10586,10587,10588,10589,10590,10591,10592,10593,10594,10595,10596,10597,10598,10599,10600,10601,10602,10624,10625,10626,10627,10628,10629,10630,10631,10632,10633,10634,10635,10636,10637,10638,10639,10640,10641,10642,10643,10644,10645,10646,10647,10648,10649,10650,10651,10652,10653,10654,10655,10656,10657,10658,10659,10660,10661,10662,10663,10664,10665,10666,10667,10668,10669,10670,10671,10672,10673,10674,10675,10676,10677,10678,10679,10680,10681,10682,10683,10684,10685,10686,10687,10688,10689,10690,10691,10692,10693,10694,10695,10696,10697,10698,10699,10700,10701,10702,10703,10704,10705,10706,10707,10708,10709,10710,10711,10712,10713,10714,10715,10716,10717,10718,10719,10720,10721	2d520827eda67aa5e1a322f894bae98a4189ede08c55b0c23830c8241403ea92
docs/evidence/usb-lab-20260907/cloud-build-windows-final.json	historical-evidence-or-release-record	42,50,57,71,240,244,250,267	fb590c8f1648e01bd5e8c7a348c94a196f2771cf1294175fc034de21a3e58e2c
docs/evidence/usb-lab-20260907/cloud-build-windows-final.log	historical-evidence-or-release-record	5,6,4743,10473,10474,10475,10476,10477,10499,10500,10501,10502,10503,10504,10505,10506,10507,10508,10509,10510,10511,10512,10513,10514,10515,10516,10517,10518,10519,10520,10521,10522,10523,10524,10525,10526,10527,10528,10529,10530,10552,10553,10554,10555,10556,10557,10558,10559,10560,10561,10562,10563,10564,10565,10566,10567,10568,10569,10570,10571,10572,10573,10574,10575,10576,10577,10578,10579,10580,10581,10582,10583,10584,10585,10586,10587,10588,10589,10590,10591,10592,10593,10594,10595,10596,10597,10598,10599,10600,10601,10602,10603,10604,10626,10627,10628,10629,10630,10631,10632,10633,10634,10635,10636,10637,10638,10639,10640,10641,10642,10643,10644,10645,10646,10647,10648,10649,10650,10651,10652,10653,10654,10655,10656,10657,10658,10659,10660,10661,10662,10663,10664,10665,10666,10667,10668,10669,10670,10671,10672,10673,10674,10675,10676,10677,10678,10679,10680,10681,10682,10683,10684,10685,10686,10687,10688,10689,10690,10691,10692,10693,10694,10695,10696,10697,10698,10699,10700,10701,10702,10703,10704,10705,10706,10707,10708,10709,10710,10711,10712,10713,10714,10715,10716,10717,10718,10719,10720,10721,10722,10723	457fbf54503b1fae0f1d4f20e06658a3e25704bf1d92085be86ae11295ec6193
docs/evidence/usb-lab-20260907/cloud-build.json	historical-evidence-or-release-record	42,50,57,71,240,244,250,267	02e713c8d44cfab61aab53f7a82c686a92aed90aaf7bc5bc5a94e5b9c822dbc4
docs/evidence/usb-lab-20260907/cloud-build.log	historical-evidence-or-release-record	5,6,4743,10473,10474,10475,10476,10477,10499,10500,10501,10502,10503,10504,10505,10506,10507,10508,10509,10510,10511,10512,10513,10514,10515,10516,10517,10518,10519,10520,10521,10522,10523,10524,10525,10526,10527,10528,10529,10530,10552,10553,10554,10555,10556,10557,10558,10559,10560,10561,10562,10563,10564,10565,10566,10567,10568,10569,10570,10571,10572,10573,10574,10575,10576,10577,10578,10579,10580,10581,10582,10583,10584,10585,10586,10587,10588,10589,10590,10591,10592,10593,10594,10595,10596,10597,10598,10599,10600,10601,10602,10603,10604,10626,10627,10628,10629,10630,10631,10632,10633,10634,10635,10636,10637,10638,10639,10640,10641,10642,10643,10644,10645,10646,10647,10648,10649,10650,10651,10652,10653,10654,10655,10656,10657,10658,10659,10660,10661,10662,10663,10664,10665,10666,10667,10668,10669,10670,10671,10672,10673,10674,10675,10676,10677,10678,10679,10680,10681,10682,10683,10684,10685,10686,10687,10688,10689,10690,10691,10692,10693,10694,10695,10696,10697,10698,10699,10700,10701,10702,10703,10704,10705,10706,10707,10708,10709,10710,10711,10712,10713,10714,10715,10716,10717,10718,10719,10720,10721,10722,10723	e32f87bac4ee77c092bd9e4cec4a43dc2e2a44982b2299beb90fbfe490e5b53a
docs/evidence/usb-lab-20260907/cloud-cleanup-first-attempt.log	historical-evidence-or-release-record	1,12,17	83f7b91887c83f9ad13d86f66b88121b9f579c060fe09ba8343d6fb59e9c760f
docs/evidence/usb-lab-20260907/code-verification.json	historical-evidence-or-release-record	11,13,28,44	8d6eabddcb229d06c47aa4227bcb506fad1ad97d0fb4faaf57d72b46f8970ab0
docs/evidence/usb-lab-20260907/kvm-followup/cloud-state.json	historical-evidence-or-release-record	30,31	8ade9ead1968f799c67e47aa0a564e618b62714ace949b9650e84b2bfe9bad4a
docs/evidence/usb-lab-20260907/kvm-followup/cloud-timeout-fix-success.json	historical-evidence-or-release-record	42,50,57,71,240,244,250,267	e5ae3f6a99d8d5b168ceffaf454490c8707c52927a363f29901f0e45f6105f91
docs/evidence/usb-lab-20260907/kvm-followup/create.log	historical-evidence-or-release-record	10,45,50	e3ed90f3b323b1687fb13d929860cee16688893601c7a6b413c3735a2f13c2fa
docs/evidence/usb-lab-20260907/kvm-followup/final-records/identity/beamo-wipe-0.2.5-amd64.manifest.json	historical-evidence-or-release-record	46,96,97,103	4fd443d50e9a366c0f9b041f33c0d894365c19aae4eff3584f880176975c7071
docs/evidence/usb-lab-20260907/kvm-followup/final-records/identity/updated-product-build.log	historical-evidence-or-release-record	735	acf2a6828dc5d6d5ebca833409292389385c166ae593395b6f680d0a664b2c3a
docs/evidence/usb-lab-20260907/kvm-followup/final-records/updated-boot/isoinfo.txt	historical-evidence-or-release-record	5	c29d015333dffdc21491a0a1fe9a2bd5d5844c57cb70f4a0861c15d3cd706999
docs/evidence/usb-lab-20260907/kvm-followup/linux-records/beamo-wipe-0.2.5-amd64.manifest.json	historical-evidence-or-release-record	46,96,97,103	707bd8407d2ef973135b4d1c3398eec0bd0edbb7563854aed12873a261904b73
docs/evidence/usb-lab-20260907/kvm-followup/linux-records/boot/isoinfo.txt	historical-evidence-or-release-record	5	c29d015333dffdc21491a0a1fe9a2bd5d5844c57cb70f4a0861c15d3cd706999
docs/evidence/usb-lab-20260907/kvm-followup/linux-records/iso-build.log	historical-evidence-or-release-record	740	1f916a8bdca5a521f997c02b5ae5046caefbc721cd29e53a4800bc141db09e18
docs/evidence/usb-lab-20260907/kvm-followup/restore-policy.py	historical-evidence-or-release-record	4,11	3ed1a776970cdb140c5d41c2327de57f0759fe1ec7a9e5f8e67a089459b085c3
docs/evidence/usb-lab-20260907/kvm-followup/retry-a4.log	historical-evidence-or-release-record	3,32,37	2415f0575f20017f9c4e34feba14a266a64ae71170aa922711e60e34dd442dff
docs/evidence/usb-lab-20260907/kvm-followup/retry-c.log	historical-evidence-or-release-record	3,32,37	ec08046ec59b99e72c656a9614baef334c46db8c8840d18de77af5844e1efce7
docs/evidence/usb-lab-20260907/kvm-followup/timeout-fix-validation.json	historical-evidence-or-release-record	5,21	de1db1fa8c4909fc0480c97f3ea4d2744959ba0494feb0b20c8668e0e5a2c090
docs/evidence/usb-lab-20260907/kvm-followup/transfer-scope.json	historical-evidence-or-release-record	5	be3acc9b6682b0bcab9b7d5fe049df1000b763a9acbc256918fbb9580cccd679
docs/evidence/usb-lab-20260907/linux/beamo-wipe-0.2.5-amd64.manifest.json	historical-evidence-or-release-record	46,96,97,103	d32093f8ab0b7c1024f01bf5d8045bcb752bb8cad069748e37d229f751e7f7b4
docs/evidence/usb-lab-20260907/linux/boot-gate/isoinfo.txt	historical-evidence-or-release-record	5	c29d015333dffdc21491a0a1fe9a2bd5d5844c57cb70f4a0861c15d3cd706999
docs/evidence/usb-lab-20260907/windows-followup-cloud-state.json	historical-evidence-or-release-record	30,31	4bbf65f9282e019c5cf2323c39a7e01e754afe3f552c5228912f724981180fdd
docs/evidence/usb-lab-20260907/windows-followup-create.log	historical-evidence-or-release-record	10,13,19,30,35	eb032dc2ef8de4491e519bbc24596d144d7f7cddf1e807555d46824215dea0c6
docs/evidence/usb-lab-20260907/windows-followup/brain-handoff.json	historical-evidence-or-release-record	4	6590cc1bc958cdc3624fc68d26b9b7d421eba36194d213138381cdd128a77ff1
docs/evidence/usb-lab-20260907/windows-followup/cloud-cleanup.json	historical-evidence-or-release-record	30,31	18d009ddf1fba49706807e4219ef58d18bc0a7c0d6347c3f5965ba7451cf337b
docs/evidence/usb-lab-20260907/windows-followup/cloud-state-active.json	historical-evidence-or-release-record	30,31	4bbf65f9282e019c5cf2323c39a7e01e754afe3f552c5228912f724981180fdd
docs/evidence/usb-lab-20260907/windows-followup/records/beamo-wipe-0.2.5-amd64.manifest.json	historical-evidence-or-release-record	46,96,97,103	736915dd96b83891cd4b921df7b973269d6cf2264cb2426a4b95ceb87175f34b
docs/evidence/usb-lab-20260907/windows-followup/records/iso-build.log	historical-evidence-or-release-record	741	52073e3141a738540dce3593b6fe93a6cc0e1e4c0d607edd16b0ba60179c4d47
docs/evidence/user-text-size/README.md	historical-evidence-or-release-record	3	9b41178d8138dd4df2dd07b45f21e0a9aa8b207cc2e8fa7763656c17606a60e4
docs/evidence/vm-keyboard-fix-20260906.txt	historical-evidence-or-release-record	4,7,410,508,649,658,665,679,685,851,855,861	3bd7cfa5dc1b659a2c47109e6996d4b405d0e603af3f7abf035953b72608b1c2
docs/evidence/vm-usb-lab-20260906.txt	historical-evidence-or-release-record	1,6	1f7012c87b7c03b632bad198fe54e9f31a9631ce7740dde7749b9c1ab206d285
docs/evidence/warning-success-84/README.md	historical-evidence-or-release-record	142	cd79674529e63a6ef4e2a958b2ec5ed7bb6a1be70288d649589cbe1deb5f2d40
docs/gcp-desktop-validation-2026-09-07.md	historical-evidence-or-release-record	1,10,48,71,79,83,115	38c9fd3df5a08835212739c140c750b905e32584f6499cc26bd245bd8bb7d0ba
docs/method-and-storage-wording-validation.md	current-guidance-or-scoped-validation-note	80,84,87	5d5de65eb8f692ba165dd64413cf4ff00f854db9258dbfdcfcf25182876aa21e
docs/method-choice-disk-summary-validation.md	current-guidance-or-scoped-validation-note	94,132,176	bf8e399bc224db71bedeb55c0d137ea37bf615201a5c7f5b29a17ee5360a4d1d
docs/production-completion-2026-09-12.md	historical-evidence-or-release-record	1,6,14,16,49,50,51,76,77,79,92,104,111,112,114,120,123,131,132	27d927d3a02ca3825013522cf5f1419fa37603e7234f28c57074e2a818a4d2a6
docs/progress-timing.md	current-guidance-or-scoped-validation-note	9	f6e9a477d905b5f0286c619a5fbfe85523a18eda4bb92b6e2d979a3ff4283809
docs/quality-review-2026-09-07.md	historical-evidence-or-release-record	50,65,71,80,130,146	c776c4475f98657bd5b76e5974d1c7841c958ad78ca4bc67849f673ce1a57ddb
docs/release-0.2.10.md	historical-evidence-or-release-record	12	b83ddfe7f626bfea4ae11e9dd28d6ff70b5c9f11a52cda6263e9efd12d7a9282
docs/release-0.2.11.md	historical-evidence-or-release-record	9,13	a9f5c891534f98d496c5868ef8aa2b75878be2bc6dedc66d1e1e5d050ff805c6
docs/release-0.2.12.md	historical-evidence-or-release-record	14,21,22	9b6bb812e86732b4cac354432dd79a8d0cd49f48032a9674a06db0bc6b1ae970
docs/release-0.2.5.md	historical-evidence-or-release-record	9,11,13	14e849d650b239df4461985ed2121fe75609e72309cc4b038418cb34874a4931
docs/release-0.2.6.md	historical-evidence-or-release-record	26,30,38	293f1aee674beb901ba6ecd24c29e1fc660b4750f571da84a762472c50c41c19
docs/release-0.2.7.md	historical-evidence-or-release-record	13,17	305aab36a93adf58e3de45d30feb7d7c8acf7b39d3bb9ccb35133321d3848a12
docs/release-0.2.8.md	historical-evidence-or-release-record	9,11	b1415857c9aa2d27250263a485fc8dc4bbabaccea59a3d4c4e23e42c15514c30
docs/release-0.2.9.md	historical-evidence-or-release-record	19,21,22	5232198a9b390e4305a2b37e603ed24ce570dad47631b34680648fb59d1781ad
docs/release-readiness-audit-2026-09-28.md	historical-evidence-or-release-record	3,5,7,13,16,18,21,23,45,47,69,71,79,81,85,87,107,109,111,123,125,127,132	ad8dbea70ae453cfc1d2497989864ee2665dc362398514509117ce652daf3370
docs/release-verification.md	current-guidance-or-scoped-validation-note	3,9,21,24,26,27,28,31,32,43,85,88,97,108,126,141,179,252,260,311,326,328,329,332,334,335,336,337,345,351,358,367,373,377,380,389,390,404,405,419	d6a173d3e81e22aab080f94a829d2306710664f45d3125bb41b03f9630d1ef82
docs/runbook.md	current-guidance-or-scoped-validation-note	31,86,98,147,256,266,303,357,364,366,371,375,401,408	ee9cfa66991644cb94a56728db30afe739869bafa28eb658b9f07689712dfa46
docs/screen-reader.md	current-guidance-or-scoped-validation-note	119	6224c6fe8c7838149b20ef0e6722470fc24956229f1e5234e18a540777ac4059
docs/secure-boot-acceptance.md	current-guidance-or-scoped-validation-note	11,24,28,36,128,150	5871feca116ba7ce5e5c1b6b5e8c629654f744a069fa9f703bf48d917f8f42dd
docs/security-audit-2026-09-03.md	historical-evidence-or-release-record	24,25,26,28,30,31,40,44,45	358cdddd2536465979e68e2b19839b7d8440c5d5fa129eed0e678b6cd9778376
docs/session-recovery.md	current-guidance-or-scoped-validation-note	118	52068dd8ca3ca2055abd5706221dacfa3b8b07e02ca7441118bed0944523bf28
docs/storage-and-controller-limits.md	current-guidance-or-scoped-validation-note	150,155,156,180	df9f10b6dc97b0b420b0a7d428aa39a0a743c6e6242dd89601d1855b825b8d20
docs/ui-redesign-2026-09-08.md	historical-evidence-or-release-record	7,72,73,90	ee1264940194c128b89bb4bf26289e93f788512322054458114c0e1f4741d08c
docs/usb-simulation-lab-2026-09-07.md	historical-evidence-or-release-record	4,26,32,112,241,245,246,264,300,334,343,484,521,568,571	279e614746d3f3f5fb9995ae16a347020b60b464c6a7a43323af235934b7c08f
docs/ux-review-2026-09-08.md	historical-evidence-or-release-record	31	aca666f6cb569c8486a11fdbd576f0589287bc635725f398af4639f62e48a3ca
docs/vm-test.md	current-guidance-or-scoped-validation-note	6,7,26	ac50702c38c423f67b7aecd0e2199e055eb002ef4355a36c3fe2be261e24063e
docs/vm-usb-simulation-2026-09-06.md	historical-evidence-or-release-record	1,11,14,20,42,43,44,136,141	4292c87662c0bae3f68b03d409dcc5dc5d17d4c9e58782da487efa84e291f268
docs/work-handoff.md	historical-evidence-or-release-record	6,19,65,67,69,70,84,105,110	8e5e68d9755679a3293b302cde31ccc6f41757564168f39984d86abd59d99ae4
packaging/live/config/bootloaders/grub-pc/config.cfg	current-implementation-or-config	4	7319069aa22122e42839569721bd9c77e845d063152b675fcc198088e0c3390a
packaging/live/inside-docker.sh	current-implementation-or-config	96	423de8da010530ae4e44b0d228faab902a4548d8fef45fb71866697337ffa6d5
packaging/release-keys/KEYS.md	current-guidance-or-scoped-validation-note	3,20,21,22,23,24,59,61,62,63,65,66,82,98	f518f7e57d43d8c862af5f81fb9d2ebec6acab0a08e652d79b08fb3f282a572f
scripts/agent_pr.py	current-implementation-or-config	172,191,193,268,269,276	6d3494a17344dea7d75e1bd871803ac31faea1a34882b65f1b8cf4a145773395
scripts/build-iso.sh	current-implementation-or-config	220,361,368,382	e5fc440e065fbb33ea1d6a580584aa0537390ba92e60e3cd331e9622cfb48a00
scripts/build-usb-image.sh	current-implementation-or-config	29,33,34,35,37,38,40,41,42,48,49,50,243,244,247,248,249,250,251,252,253,258	0d1be5f4154bf1fa84c75c6e9dd385696a0ff44eda42fd66479f69f0beca984f
scripts/build_desktop.py	current-implementation-or-config	340,438,440,523,579,584,586,589,593,598,600,602,607	f61119bcba6ba348d875f0d8d78f8054d9b39584c932c6fb126db31f69424171
scripts/check-ci-kvm.sh	current-implementation-or-config	17,35,36	8c3a85d7aeb57d4df711abd62911d1e2dba254b6bf85ef60be754123c200a265
scripts/check-release-ready.sh	current-implementation-or-config	22	7428be921dec6e5c786fa82ce21c298e5126d0d55ba0930f0c4e1a2e9f85ae14
scripts/ci-blacksmith.sh	current-implementation-or-config	2,9,37	39a7e452724e007b2fd7c42ee21fe7eb6cc6f671a5b74c2e352ffdc827f282d0
scripts/ci-cloud.sh	retained-legacy-compatibility	2,3,8,13,14,15,26,27,28,42,46,49,50,53,55,56,60,78,141,148,149,156,158	979dd71d2ec996702e2c7591dab79168fa5be9e6c6bb86c2baaea58115342570
scripts/ci-desktop.sh	current-implementation-or-config	19,21	3b49391582d512e0aae6815844027d43d3ce144861f7073458a99c5bf87061ff
scripts/ci-hosted.sh	current-implementation-or-config	2,137,327	93e0d27ed696d73148f8c60e2636b23e4b6386acc15125164f897b11571c884e
scripts/generate-release-manifest.sh	current-implementation-or-config	71,105,138,145	4a0f29e3089ea5ea960b5a7def26ce8ce4c77649bfa886417c82b71e36f15e62
scripts/install-cloud-triggers.sh	retained-legacy-compatibility	2,3,4,10,11,28,50,52,56,62,74,81,86,94,95,97,105,106,108	906af29fa796fcce9144ee761b11948ae45ab8d3806621250eb3d78345d8bbc5
scripts/prepare_release_assets.py	current-implementation-or-config	21	00f98c984db1f2b756e40965a10ca49471d8b5da5c605c45a3f64565ba842069
scripts/publish-release-blacksmith.sh	current-implementation-or-config	2,20,24,26,27,28,81	ed272184ea80c1f9c8e2ac1063214226d684f7176563de28d188ba583836ae84
scripts/publish_release_gcs.py	current-implementation-or-config	2,20,31,39,50,56,61,64,68,71,84,86,93,95,101,103,133,135,137,151,155,172,176,180,183,214,222,245,256,267,276,280,300,306,309,312,324,327,330,334,345,352,371,383,387,390,401,413,415,470,506,510,514,519,521,523,527,534,537,539,559,571,575,582,587,589,609,612,616,617,618,621,626,628,652,655,682,686,688,696,701,721,734,739,741,743,745,747,749,751,753,755,758,765,768,774,775,776	70e77238f38bdc9046369ae625e58186d9db8175bb721c94e5e892ee1638c06c
scripts/qemu-verify.sh	current-implementation-or-config	1291,1292	429390a41976fa83c69404ca64cc3ee9a7635f84628aeaf52155c64a1d7d097f
scripts/release_transfer.py	current-implementation-or-config	2,17,19,108	558ae831ec69851406d9b8f93fa5a94167ab2a54dfa8382445022e93626624e0
scripts/stage_live_assets.py	current-implementation-or-config	2,246	538413c57bfaa7454a896836720b52b55708f42d61910c3e0a943ea5abddd39e
scripts/stage_wrapper_sources.py	current-implementation-or-config	35,40,292,297,299,300,302	49ca76afb4134eabadfb59de0e82a9804c2c4c5bb6a806d3eca9196358d8418d
scripts/test-all.sh	current-implementation-or-config	3	774bc049e483f107eedb2d0319bc62d3672cab66b086f70caed2dcdf6219912d
scripts/verify-usb-download.py	current-implementation-or-config	137,153,158	a03e66c289ca56777e10c0ef49f385397077999570d39d274b001556487d4f02
src/beamo_wipe/ci_evidence.py	current-implementation-or-config	98,232,233,234,431,498	3fbc420892d16f2358a3799256284cd071151b7c3cba23a3ab9fbf68ab71d6ef
src/beamo_wipe/evidence.py	current-implementation-or-config	651,687,693,707,708,718,729,810,812,814,820,822,825	512c9b024b3231bf2625b6c802a8dc2282c275153b62e2995d4d01ba9466b5c5
src/beamo_wipe/nwipe_runner.py	current-implementation-or-config	1321,1551	21fe9589e957d45d169d5ee6ae3ad692a16d1101ed7762f2fe24ba19a5ed6ec2
src/beamo_wipe/release_manifest.py	current-implementation-or-config	32,368,595,634,747	4f2ab923d177a4440143e116f0d4bfc096aa2f22f91679df672956c8ed888307
src/beamo_wipe/release_signing.py	current-implementation-or-config	2,8,10,18,20,25,68,77,82,83,196,313,316,318	6268c368988fe9201a3e652fec7b2acc295bff3882048dcde10c5c99222680f6
src/beamo_wipe/startup_stages.py	current-implementation-or-config	183	bbb7923d3aab30fa8fa1aea3cbe01d8757236770a7566fd58779547a21959de5
src/beamo_wipe/support_export.py	current-implementation-or-config	1933	cb01d24d238d71871effc7ad08f4386414b475f2879121367fbc66932521f1a2
src/beamo_wipe/ui/tk_wizard.py	current-implementation-or-config	1696	940b35f49ffde5708b16bd1dafd8ec0ac9bb9fdd84836442995b337173d7c058
src/beamo_wipe/wizard.py	current-implementation-or-config	844,1218,1259,1329,2009,2816	62b146f8ad83d233b8e0aad7bb01c1f044e97de424c70bb72b777132bea1bf10
tests/test_accessible_runtime.py	regression-tests	669	5a209de0667e97ed91418f6a4cbeeefb5f3dbcc603849cdaf21c1213637ccf85
tests/test_agent_pr.py	regression-tests	232,272,276,284,288,298,299	531e9c7e1931214a176afbe5931c6eafdf60caa672366836c618c5397c673534
tests/test_audit_20260905_discovery.py	regression-tests	121	8e4c802884b4e6ec17d19f33d2ecf66bb4249f9101b4ff822d37acb9590da8b6
tests/test_blacksmith_ci.py	regression-tests	39,57,59,63,150,152,160,185,188,193	884e1f885e927f36b5e866182628958124895171b8b0bd494a41d8e22b98714d
tests/test_blacksmith_release.py	regression-tests	32,33,46,47,48,50,51,53,54,173	a06ceafc4c20bf5cc074a35f5ba61c00367de37f01590d171e08cfaeda7ae6a5
tests/test_bug_audit_runner_20260913.py	regression-tests	31	213a46b6a7b735b91106c321f1ab739ae38f98064db2dd7ecf4ed6ce94ed8ca1
tests/test_build_usb_image_pass9.py	regression-tests	57,58,60,69,76	e8142c572ad689cf1feb5c2512bc0005d03cfb7a23e0a6f3c6c1dd5673dfb474
tests/test_busy_transitions.py	regression-tests	216,326	9c5d2a14253ba4fbb5dddae9040781b68fe433f8afc1d825801e70635087b2bf
tests/test_ci_cloud_status_pass11.py	regression-tests	21,22,23,24,29,43,57,58,59,60,65,80,93,94,95,96,101	ca59fbe97df2adadc607eadc07fd92b76386bec62c9401b5ad46016e34c042e1
tests/test_ci_desktop_fuzz_budget.py	regression-tests	1	3cc9cfd981ef295332936ebdd3d1f93aaa2ff0c36ddbb7436e455223e733fb0a
tests/test_ci_hook_cleanup_pass14_build.py	regression-tests	17,18,36,37,38,39	0d176d491daef82ade24d6b2e9a1344065e85db13bc32c8f3cfe234b7ae12b59
tests/test_ci_hosted.py	regression-tests	2,19,20,31,41,42,43,44,45,46,69,72,74,77,80,81,82,83,84,85,100,103,105,110,177,178,180,195,212,213,215,225,229,240,257,258,262,265,270,272,283,286,287,294,295,300,304,310,322,323,327,330,335,338,353,357,363,364,365,372,373,381,391,403,409,423,438,439,471,499,501,504,508,519,520,521,524,541,542,544,590,594,607	ea6587b11034bebe9211122fd16ae6b2be7b93260a7eec7538541be6a84bdc70
tests/test_ci_qemu_skip_pass15_boot.py	regression-tests	1	f4b6b782dc9f3f952e1791a3ca0da6a31f84c756c66d7100f7a2d912415703c2
tests/test_cloud_trigger_inventory_pass13_build.py	regression-tests	10,17,20,29	a819ac076bc32e7f04b620d42c446b48c48db89292e215444505845f2ad05732
tests/test_desktop_lock_pass11.py	regression-tests	21	13b7f4defe4c6e06b5c298dae0096fd573198ade882a91e2cf6ef17e40326740
tests/test_desktop_output_swap_pass16.py	regression-tests	52,73,91,97	d77d3cd29672e046fdb43bd00eb32ac73bf4285f6da3bcc9bcc97ac35b0ee897
tests/test_evidence.py	regression-tests	839	f2cb06598d0acd93c01f7acab838549166ec15d6564fedd4151885613d66db98
tests/test_evidence_nonfinite_clock_pass10.py	regression-tests	16	e47307dcba139fc987969bbc82ee03afb741f8aacd4484ca5ffd6ac48af7dd17
tests/test_evidence_release_pass8.py	regression-tests	59	3ed3bae7f2060dc35870a6e12e3fe1210176502a906adac714c56cfae9dfa7ad
tests/test_gtk_dependency_handling.py	regression-tests	139,146,147,148	1850c43120765782dced7e03c658fd7cab0bbd8ed043ccb70ba1a8c29936e902
tests/test_iso_bundle_ownership_pass8.py	regression-tests	62,65,67,72,86	8866f45f13e106fb9db1c692ddd007ef37ed39f7cb7418e50bd14b36b4f5bf1e
tests/test_iso_dist_boundary_pass10.py	regression-tests	1,71	c5633ca1207769a97f8d9ae38d2131a2e28ef906774e28a84c9611e5b3bdbc24
tests/test_iso_live_assets_pass20.py	regression-tests	1	c138f0497558f21a03e6416141ec520f3b4ac3fc18f6fee641d91f1e2d9f279c
tests/test_iso_prior_bundle_pass23_build.py	regression-tests	191,203	949d45e0c07b8c26c7a9cab1a281f161230f7664f9443ba7648eb6024905cd99
tests/test_iso_stage_publication_pass20.py	regression-tests	17,62	a1f4cc7f81bad17dd8c15c0c2ab79e747b1988d75b3039ef6abef2534cb81aab
tests/test_pass12_evidence_log_bound.py	regression-tests	78	7f4888afbb410f5125043c8086a2b03418555dd4a521341271e93a316fc96f9b
tests/test_pass13_temp_cleanup_ownership.py	regression-tests	1,47	70ec4270cfc0059b3dad56797868c70b01234a2eda41a32d0b240834560b6aaa
tests/test_power_monitor_launch_pass8.py	regression-tests	1,8	2e340a6d07db6900c46173466234b93b47ff69dd16c103efc1b99673d13b64ab
tests/test_progress_timing.py	regression-tests	499	4b7f836b78c63c38a511dfb2a3e2fdc5fdc2f97bdf0c21b33348778c2f3bafe1
tests/test_release_parent_boundary_pass12_build.py	regression-tests	7,22,23,24,25	4e6b733be93e66ccd285393b413c03296ec234e795ecfe52ab313f69f06c32a6
tests/test_release_publisher.py	regression-tests	2,15,16,19,20,21,49,64,65,66,67,68,72,74,87,89,90,106,107,108,114,117,118,126,148,149,150,151,152,153,157,192,193,195	c41c131a14fd03ef231874ebff291a98fd825ce4db981bcdf9f391cada606a74
tests/test_release_publisher_pass9.py	regression-tests	1,19,22,23,51,52,77,78,79,80,101,102,103,119,122,162,163,164,165,166,167,169,171,172,174,178,183,184,206,310,326,327,328,329,330,331,333,336,353,367,374,377,387,390	8935f13363fdcb296da9e5409b6136f5a309b2a05a5bed9b1d277bc36dd00c8b
tests/test_release_qemu_evidence_pass10.py	regression-tests	1,16,19,20,28,88,89,90,91,92,93,94,95,96,99,105,106	2f03a16fd387c68f43977ffbd1e891da3727c074769fb1ea62558c0ebc116bee
tests/test_release_qemu_inventory_pass20_build.py	regression-tests	1,14,17,18,71,74,81,114,117,118,120,123,124,127,128	57b7df9f6ac3ed1e416a824e46ad2f00038ed903d1cd0273e22ed75cafe351a4
tests/test_release_qemu_log_line_bound_pass22.py	regression-tests	1,11,23,24,34,37,38	734dbedbbe8692a0a506501613993018c2a611b757958a279a7d9aaca368f23f
tests/test_release_signature_parent_pass13_build.py	regression-tests	7,13,36,37,47,63,65,67,75,93,95,97	b07682f6a650af2fd5d83b26f766101e9f48ed8a825ca9dcee5675b5702d547c
tests/test_release_signing.py	regression-tests	2,25,26,29,30,31,117,125,127,132,200,202,205,207,208,209,218,219,221	e34e5b22c52b3299a6eb2f260460b8be6cf918f5dd4045087ae0e28a57ae15bf
tests/test_release_signing_pass8.py	regression-tests	1,28,29,58,60	e2d93885eb6ee5112f626a7997aee40c939835c6a80fe0f28c17659a136cbcb0
tests/test_secure_boot_expectations.py	regression-tests	106,114,152	8531496c91fac5c8d6c853ef02577842af6e6a5fe2691a95f7bedb2b01474284
tests/test_signing_metadata.py	regression-tests	77,79,80,81,82,83,85,101,137,140,142,143,144,145,147	d94b5d46bffd6411bfe4052a4b4d5db1f0083f3273a524ec33f54c2d4d880e28
tests/test_startup_diagnostics.py	regression-tests	274	e6c91c9dc4dc090e43c1f5cbb579e4cc6bbaff1dd8adc1e7877950901c7d18d7
tests/test_usb_download_verification.py	regression-tests	90	f2bb69244442c67b15044e3bac480a55e9011e14dc6d40b6d40b0041a7eadf60
tests/test_usb_image_build_cleanup_pass6.py	regression-tests	22,30,129,162,169,175,199	c090f77af4026739011be43936feef0db4207ca66a8b420495ad3d8204490c14
tests/test_usb_report_workflow.py	regression-tests	1243,1265	d3b41fefb9df7a16912a68c1d74b8f31014b5dcc8289d3340e99e8edc520d9d1
tests/test_verification_evidence.py	regression-tests	480,482	652605773b0bff2444af55f0612ae0300d606a61211017c6e581d006a09d9e87
tools/usb_lab/README.md	separate-authorized-lab	12,73,74,87,212	d052b4fbdb4eda177cd395e94de7672f864e6b335c0a8b5713db14ff609547dd
tools/usb_lab/gcp_lab.py	separate-authorized-lab	11	73f8506e92a1c44b43ce99911214c21d6f0b738c6b05273e10ca52180d674ec1
